id,type,radius,labels
2302142796,center,10,Plants|Neutral_Illumination|No_Blur|Visual_Arts|cute|No_Persons|calm|Park_Garden|natural|Flowers|Day|happy|flower
2316305316,tag,2,Plants|Neutral_Illumination|Outdoor|natural|Visual_Arts|Sunny|Spring|Partly_Blurred|Sky|Park_Garden|cute|calm|Macro|No_Persons|Flowers|Day|happy|flower
2199389512,tag,3,Plants|Neutral_Illumination|Overall_Quality|Outdoor|natural|Partly_Blurred|Macro|No_Persons|Fancy|calm|Aesthetic_Impression|Flowers|Day|flower
2143766196,user,4,Plants|Neutral_Illumination|natural|Visual_Arts|Partly_Blurred|No_Persons|cute|calm|Flowers|Day|happy|flower
2264903076,tag,5,Plants|Neutral_Illumination|Visual_Arts|Partly_Blurred|Indoor|No_Persons|artificial|Still_Life|cute|calm|Flowers|Day|happy|flower
1220560588,tag,6,Plants|Neutral_Illumination|No_Blur|Visual_Arts|cute|No_Persons|calm|natural|Flowers|flower
2177637000,tag,1,Plants|Partly_Blurred|Outdoor|natural|Visual_Arts|Neutral_Illumination|No_Persons|calm|Park_Garden|Aesthetic_Impression|Flowers|Day|flower
2549740421,tag,2,Plants|Neutral_Illumination|Overall_Quality|No_Blur|Visual_Arts|cute|Macro|No_Persons|calm|Park_Garden|natural|Flowers|flower
2092030024,user,3,Neutral_Illumination|Building_Sights|Outdoor|No_Blur|No_Persons|Sky|inactive|Architecture|Night|Aesthetic_Impression|Citylife|night
2183732191,tag,4,Plants|Partly_Blurred|Overall_Quality|Outdoor|natural|Visual_Arts|Neutral_Illumination|No_Persons|euphoric|inactive|cute|Park_Garden|Flowers|Day|happy|flower
2323444328,tag,5,Plants|Summer|Outdoor|Clouds|Visual_Arts|cute|Macro|Underexposed|Sky|natural|Aesthetic_Impression|Landscape_Nature|calm|No_Blur|No_Persons|Flowers|Day|clouds
2267449792,tag,6,Plants|Partly_Blurred|Overall_Quality|natural|Neutral_Illumination|Macro|No_Persons|cute|calm|Flowers|flower
600230432,tag,1,Plants|Partly_Blurred|Overall_Quality|natural|Neutral_Illumination|Macro|No_Persons|cute|calm|Park_Garden|Aesthetic_Impression|Flowers|flower
2398317338,tag,2,Plants|Partly_Blurred|Overall_Quality|natural|Neutral_Illumination|Macro|No_Persons|Fancy|cute|calm|Aesthetic_Impression|Flowers|Day|flower
2181564148,tag,3,Plants|Neutral_Illumination|Outdoor|natural|Winter|Partly_Blurred|Sunny|Park_Garden|Sky|Aesthetic_Impression|Landscape_Nature|cute|calm|happy|Vehicle|No_Persons|Flowers|Day|car|flower
2513870996,tag,4,Plants|Summer|Overall_Quality|Outdoor|Clouds|Neutral_Illumination|Sunny|Sky|natural|Aesthetic_Impression|cute|Fancy|No_Blur|No_Persons|Flowers|Day|calm|flower
2542751055,tag,5,Plants|Summer|Overall_Quality|Outdoor|natural|Visual_Arts|Neutral_Illumination|No_Persons|Partly_Blurred|Sunny|Landscape_Nature|cute|calm|Park_Garden|Flowers|Day|happy|flower
2537518399,tag,6,Plants|Summer|Overall_Quality|Outdoor|natural|Visual_Arts|Neutral_Illumination|Macro|Partly_Blurred|No_Persons|cute|calm|Flowers|Day|flower
606252945,tag,1,Plants|Neutral_Illumination|Outdoor|natural|Visual_Arts|Partly_Blurred|Macro|No_Persons|cute|calm|Park_Garden|Flowers|Day|flower
2614465358,tag,2,Plants|Neutral_Illumination|Overall_Quality|Outdoor|Clouds|cute|Sunny|Sky|natural|Aesthetic_Impression|Landscape_Nature|calm|Park_Garden|No_Blur|No_Persons|Flowers|Day|flower
1594654584,tag,3,Plants|Partly_Blurred|Outdoor|natural|Visual_Arts|Neutral_Illumination|No_Persons|cute|calm|Park_Garden|Flowers|Day|flower
2296152492,tag,4,Plants|Neutral_Illumination|Outdoor|natural|Visual_Arts|Partly_Blurred|No_Persons|Sunny|cute|calm|Flowers|Day
2364824268,tag,5,Neutral_Illumination|Building_Sights|Outdoor|No_Blur|No_Persons|Sky|Night|Aesthetic_Impression|night
2613067953,tag,6,Plants|Partly_Blurred|natural|Visual_Arts|Neutral_Illumination|Macro|No_Persons|cute|calm|Park_Garden|Flowers|flower
2268731696,tag,1,Plants|Neutral_Illumination|Overall_Quality|No_Blur|Visual_Arts|cute|Spring|No_Persons|Fancy|calm|Park_Garden|natural|Aesthetic_Impression|Flowers|Still_Life|flower
2090311673,tag,2,Plants|Neutral_Illumination|Outdoor|natural|Visual_Arts|Partly_Blurred|Macro|No_Persons|inactive|cute|calm|Aesthetic_Impression|Flowers|Day|flower
2209067032,tag,3,Plants|Partly_Blurred|Outdoor|natural|Neutral_Illumination|No_Persons|cute|calm|Park_Garden|Flowers|Day|happy|flower
1384169891,tag,4,Plants|Partly_Blurred|natural|Neutral_Illumination|Indoor|No_Persons|inactive|cute|calm|Park_Garden|Flowers|Day|happy|flower
2284896555,tag,5,Plants|Neutral_Illumination|natural|Visual_Arts|Partly_Blurred|Spring|Sunny|cute|calm|Park_Garden|No_Persons|Flowers|Day|happy|flower
2419929765,tag,6,boats|sky|clouds|water|ocean|Summer|Small_Group|Outdoor|No_Blur|Visual_Arts|Neutral_Illumination|Travel|Sky|Overall_Quality|Fancy|Day|Water|Landscape_Nature|cute|Sea|Vehicle|ship|natural|Aesthetic_Impression|Beach_Holidays|male|sea|people
2124584100,user,1,Neutral_Illumination|Small_Group|No_Blur|Winter|Visual_Arts|cute|Indoor|Night|happy|Citylife|male
2436763964,tag,2,Neutral_Illumination|Toy|No_Blur|Visual_Arts|cute|Indoor|No_Persons|funny|Still_Life
2321557200,tag,3,Summer|Building_Sights|Outdoor|Clouds|Neutral_Illumination|Sunny|Sky|natural|Fancy|calm|No_Blur|No_Persons|Day|happy|clouds
2223563996,tag,4,Partly_Blurred|Toy|Neutral_Illumination|Macro|Indoor|No_Persons|funny|cute
2597799790,tag,5,cute|Overall_Quality|Underexposed|No_Persons|Night|Out_of_focus|happy
2483446492,tag,6,Plants|Summer|Outdoor|natural|Neutral_Illumination|No_Persons|Partly_Blurred|Sunny|euphoric|cute|calm|Park_Garden|Flowers|Day|happy|flower
2265498878,tag,1,Plants|Neutral_Illumination|Building_Sights|Outdoor|Clouds|Visual_Arts|Travel|Sky|Small_Group|Trees|natural|Architecture|No_Blur|Day|calm
2450126252,tag,2,Neutral_Illumination|No_Blur|Indoor|No_Persons|inactive|Still_Life
1053638607,tag,3,Plants|Mountains|Outdoor|Clouds|calm|car|Neutral_Illumination|Sunny|Travel|Sky|Landscape_Nature|cute|Architecture|Vehicle|No_Blur|No_Persons|Day|Citylife|clouds
2390124863,tag,4,Plants|Summer|Overall_Quality|Outdoor|natural|Neutral_Illumination|No_Persons|Partly_Blurred|Sky|Fancy|cute|calm|Park_Garden|Aesthetic_Impression|Flowers|Day|flower
2505382464,tag,5,Neutral_Illumination|Overall_Quality|natural|scary|No_Persons|unpleasant|No_Blur|Shadow|male
2494124731,tag,6,Neutral_Illumination|Partylife|No_Blur|Big_Group|funny|Outdoor|Adult|female|Night|active|male|happy|Street|male|female|people
2509214860,tag,1,Plants|Neutral_Illumination|Overall_Quality|Outdoor|scary|boring|Sky|Fancy|Motion_Blur|Single_Person|Day
2069607248,tag,2,Neutral_Illumination|Toy|No_Blur|Visual_Arts|cute|technical|No_Persons|funny|Outdoor|natural|Day|happy
2152810743,tag,3,Summer|Outdoor|No_Blur|Neutral_Illumination|Sky|Sunny|artificial|Architecture|No_Persons|Day|Citylife
2308577863,tag,4,Neutral_Illumination|No_Blur|cute|Indoor|No_Persons|artificial|inactive|Still_Life
730099227,tag,5,Plants|Summer|Small_Group|Outdoor|No_Blur|Neutral_Illumination|Family_Friends|Sunny|Sky|Overall_Quality|Trees|funny|Adult|Portrait|male|Day|male|people
2200948125,userandtag,6,Neutral_Illumination|Partylife|No_Blur|Visual_Arts|Adult|female|Single_Person|Portrait|Aesthetic_Impression|male|happy|portrait|female|people
2429211577,userandtag,1,sky|Neutral_Illumination|Outdoor|No_Blur|calm|Visual_Arts|No_Persons|Sunny|inactive|Street|Architecture|natural|Day|Citylife
2187985556,tag,2,melancholic|Neutral_Illumination|Small_Group|natural|Visual_Arts|Partly_Blurred|boring|inactive|bodypart|Day|people
2053365012,tag,3,Plants|Water|Outdoor|Clouds|Mountains|No_Persons|Sky|Lake|Trees|Autumn|Landscape_Nature|cute|calm|Park_Garden|No_Blur|Aesthetic_Impression|Day|natural|Neutral_Illumination|clouds
2494981639,tag,4,Plants|Summer|Overall_Quality|Outdoor|Clouds|Neutral_Illumination|Sunny|Sky|natural|Trees|cute|calm|Park_Garden|No_Blur|No_Persons|Day|tree
2296358447,tag,5,Plants|Neutral_Illumination|No_Blur|No_Persons|calm|Flowers|Still_Life|happy|flower
2200453408,tag,6,Neutral_Illumination|Small_Group|No_Blur|Visual_Arts|cute|Family_Friends|Indoor|funny|female|natural|male|Day|male|female|people
2440521080,tag,1,Neutral_Illumination|Outdoor|Clouds|Sunny|Sky|Water|Landscape_Nature|calm|Sea|No_Blur|No_Persons|Day|happy|sea
2441035696,tag,2,Partly_Blurred|Outdoor|natural|Neutral_Illumination|Spring|No_Persons|cute|calm|Park_Garden|Day|flower|tree
2320988353,tag,3,Neutral_Illumination|Building_Sights|Outdoor|No_Blur|Visual_Arts|Sky|Sunny|Overall_Quality|Aesthetic_Impression|Fancy|active|No_Persons|Day
2341981748,tag,4,Neutral_Illumination|Outdoor|No_Blur|cute|No_Persons|artificial|Street|calm|happy
782001304,tag,5,Plants|Summer|Building_Sights|Outdoor|Clouds|calm|Neutral_Illumination|Sunny|Sky|Trees|cute|Architecture|Church|No_Blur|No_Persons|Day|happy|clouds
2599058340,tag,6,Painting|Neutral_Illumination|No_Blur|No_Persons|boring
864378953,tag,1,Neutral_Illumination|Animals|cute|No_Persons|natural|insect|No_Blur|Painting|happy
2465487583,tag,2,plants|sky|flowers|clouds|Partly_Blurred|Outdoor|natural|Visual_Arts|Summer|No_Persons|Sunny|euphoric|calm|Park_Garden|Day|Neutral_Illumination|flower
2614190844,tag,3,Partly_Blurred|Overall_Quality|Animals|Neutral_Illumination|Macro|No_Persons|Fancy|insect|cute|natural|Aesthetic_Impression
2228067934,tag,4,Plants|Partly_Blurred|Outdoor|Animals|Visual_Arts|cute|No_Persons|Underexposed|Sky|insect|Night|natural|Flowers
1153041972,tag,5,Plants|Neutral_Illumination|Building_Sights|Outdoor|Clouds|cute|Sunny|Sky|natural|Water|Landscape_Nature|Architecture|No_Blur|No_Persons|Day|calm|clouds|people
2604791416,tag,6,Plants|Neutral_Illumination|Overall_Quality|Outdoor|natural|Visual_Arts|Partly_Blurred|Macro|No_Persons|Water|cute|calm|Park_Garden|Flowers|Day|flower
861760202,tag,1,Partly_Blurred|Neutral_Illumination|Macro|Indoor|No_Persons|artificial|funny|cute|Still_Life
2334101535,tag,2,Plants|Neutral_Illumination|Outdoor|natural|Visual_Arts|Partly_Blurred|Spring|Park_Garden|No_Persons|inactive|cute|calm|Macro|Aesthetic_Impression|Flowers|Day|flower
2459012977,tag,3,Plants|Summer|Outdoor|Clouds|Neutral_Illumination|Sunny|Sky|natural|Landscape_Nature|calm|No_Blur|No_Persons|Day|clouds
2452459080,tag,4,Neutral_Illumination|Outdoor|No_Blur|funny|No_Persons|Street|natural|Painting|Day|Citylife
2199820860,tag,5,melancholic|Partly_Blurred|natural|Visual_Arts|Big_Group|Underexposed|cute|Adult|female|Aesthetic_Impression|male
2454915572,tag,6,Partly_Blurred|Overall_Quality|Outdoor|natural|Visual_Arts|Neutral_Illumination|Macro|No_Persons|cute|calm|Park_Garden|Day
2440575212,tag,1,Neutral_Illumination|Outdoor|natural|calm|Visual_Arts|Partly_Blurred|No_Persons|inactive|funny|Toy|Architecture|Day|happy
2303558216,tag,2,Neutral_Illumination|Outdoor|Clouds|Partly_Blurred|Sunny|Sky|Water|Landscape_Nature|cute|calm|Sea|natural|No_Persons|Day
2272521758,tag,3,Neutral_Illumination|No_Persons|No_Blur|Still_Life|funny
808146148,tag,4,Neutral_Illumination|No_Blur|No_Persons|artificial|inactive|calm
2250552052,tag,5,Neutral_Illumination|No_Blur|Visual_Arts|No_Persons|Fancy|inactive|artificial
2264898611,tag,6,Plants|Neutral_Illumination|Outdoor|natural|Visual_Arts|Partly_Blurred|Spring|Park_Garden|No_Persons|Landscape_Nature|cute|calm|Macro|Flowers|Day|flower
2470761920,tag,1,cute|Sky|artificial|Teenager|female|No_Blur|Sunny|euphoric|Trees|Landscape_Nature|Adult|Flowers|Day|happy|Plants|Clouds|calm|Neutral_Illumination|Single_Person|Summer|Outdoor|natural|Visual_Arts|Street|male|female|people
2450301076,tag,2,Neutral_Illumination|Building_Sights|Outdoor|No_Blur|Visual_Arts|cute|technical|No_Persons|natural|Day
2494704539,tag,3,Plants|Neutral_Illumination|Overall_Quality|No_Blur|No_Persons|Trees|calm|Park_Garden|natural
2418440951,tag,4,Partly_Blurred|Overall_Quality|Visual_Arts|Neutral_Illumination|technical|Macro|No_Persons|artificial|inactive
2532991236,tag,5,Plants|Neutral_Illumination|bodypart|natural|Partly_Blurred|No_Persons|Architecture|Flowers|flower
2228331453,tag,6,Neutral_Illumination|Toy|No_Blur|funny|Indoor|No_Persons|natural
2327852210,tag,1,melancholic|Partly_Blurred|male|natural|Neutral_Illumination|unpleasant|cute|Adult|female|Single_Person|Portrait|Aesthetic_Impression|bodypart|portrait|female|people
2187949179,tag,2,Neutral_Illumination|Overall_Quality|Outdoor|Sunset_Sunrise|Visual_Arts|No_Persons|Sky|Lake|Water|Landscape_Nature|calm|natural|No_Blur|Shadow|Day|tree
2513477206,tag,3,Mountains|Overall_Quality|Outdoor|Clouds|female|Neutral_Illumination|Sky|euphoric|Water|cute|Teenager|Sea|Single_Person|active|No_Blur|bodypart|Day|male|clouds|female|people
2549531032,tag,4,Plants|Summer|Overall_Quality|Outdoor|Clouds|Neutral_Illumination|No_Persons|Sky|Lake|Trees|Water|Landscape_Nature|Fancy|natural|No_Blur|Day|calm|river|clouds
618087188,userandtag,5,person|cute|No_Blur|Neutral_Illumination|artificial|Adult|Single_Person|Portrait|male|portrait|male|people
2615423250,userandtag,6,Neutral_Illumination|Overall_Quality|Visual_Arts|Partly_Blurred|Food|No_Persons|Fancy|Water|technical|cute|active|Aesthetic_Impression
2452094574,tag,1,Neutral_Illumination|No_Blur|abstract|Indoor|No_Persons|inactive|happy
1957820958,tag,2,Partly_Blurred|Neutral_Illumination|Macro|abstract|No_Persons|Still_Life|happy
2619087371,tag,3,Plants|Partly_Blurred|natural|Visual_Arts|Neutral_Illumination|Macro|No_Persons|cute|calm|Park_Garden|Flowers|flower
2046367307,tag,4,Neutral_Illumination|Toy|No_Blur|cute|Food|Macro|Indoor|No_Persons|happy|Citylife
2049233526,tag,5,sky|grass|clouds|sunset|road|Plants|Neutral_Illumination|Outdoor|Clouds|No_Blur|No_Persons|Sky|Fancy|Landscape_Nature|Sunset_Sunrise|Aesthetic_Impression|Day|Citylife|clouds
634632268,tag,6,Plants|Neutral_Illumination|Outdoor|Clouds|Visual_Arts|cute|Sunny|Sky|natural|Water|Landscape_Nature|calm|No_Blur|No_Persons|Day
1006249093,tag,1,Neutral_Illumination|No_Blur|cute|Family_Friends|Indoor|natural|Fancy|calm|Baby|Single_Person|baby|portrait|male|people
2506332204,tag,2,Neutral_Illumination|Overall_Quality|Outdoor|No_Blur|technical|No_Persons|Sky|Fancy|Sports|active|Day
640659445,tag,3,Plants|Mountains|Overall_Quality|Outdoor|Clouds|Visual_Arts|Neutral_Illumination|Sunny|Sky|Lake|Trees|Water|Landscape_Nature|cute|calm|natural|No_Blur|No_Persons|Day|clouds
1243546482,tag,4,Plants|Mountains|Building_Sights|Outdoor|Clouds|Neutral_Illumination|No_Persons|Sky|natural|Trees|Water|Landscape_Nature|cute|No_Blur|Day|clouds
2592736844,tag,5,Neutral_Illumination|Outdoor|No_Blur|Visual_Arts|Sunny|abstract|No_Persons|inactive|boring|Day
2191348476,tag,6,Neutral_Illumination|Overall_Quality|No_Blur|Visual_Arts|cute|Family_Friends|abstract|Indoor|technical|Adult|female|Single_Person|Aesthetic_Impression|male|happy|portrait|female|people
2442850508,tag,1,Plants|Neutral_Illumination|Outdoor|No_Blur|Visual_Arts|Spring|Park_Garden|Sky|Trees|Landscape_Nature|calm|Church|natural|No_Persons|Day
2554387188,tag,2,Plants|Neutral_Illumination|Building_Sights|Outdoor|No_Blur|Aesthetic_Impression|Visual_Arts|Sunny|Spring|calm|Sky|Trees|inactive|cute|Architecture|No_Persons|Day|Citylife
2503618028,tag,3,Neutral_Illumination|Overall_Quality|Visual_Arts|abstract|No_Persons|active|Out_of_focus|Aesthetic_Impression|happy
2293671305,tag,4,Plants|Neutral_Illumination|Partly_Blurred|No_Persons|calm|Park_Garden|Flowers|Day|flower
1489274672,tag,5,Plants|Neutral_Illumination|natural|Visual_Arts|Partly_Blurred|No_Persons|calm|Park_Garden|Flowers|Day|happy|flower
2276050464,userandtag,6,melancholic|Neutral_Illumination|Animals|Visual_Arts|Partly_Blurred|Indoor|No_Persons|unpleasant|cute|natural|Day
2293542733,userandtag,1,Partly_Blurred|Outdoor|Animals|Winter|Visual_Arts|Neutral_Illumination|No_Persons|Snow|dog|cute|calm|natural|Day|dog
2461894352,tag,2,Neutral_Illumination|Outdoor|No_Blur|No_Persons|artificial|inactive|Day|Citylife
2535270260,tag,3,Neutral_Illumination|Overall_Quality|Outdoor|No_Blur|Sky|No_Persons|Fancy|inactive|Day
2454829092,tag,4,Summer|Outdoor|Animals|Visual_Arts|Partly_Blurred|No_Persons|bird|Water|calm|active|natural|happy|Day|Neutral_Illumination|bird
2489594532,tag,5,Plants|Summer|Outdoor|natural|Neutral_Illumination|Partly_Blurred|No_Persons|cute|calm|Park_Garden|Flowers|Day|happy|flower
2180138491,tag,6,Neutral_Illumination|natural|Indoor|No_Persons|inactive|No_Blur
770083313,tag,1,Partly_Blurred|Neutral_Illumination|Family_Friends|Macro|Indoor|Child|female|Single_Person|Portrait|male|funny|happy|portrait|female|people
2499230371,tag,2,Neutral_Illumination|Toy|No_Blur|Visual_Arts|No_Persons|calm
2495012746,tag,3,Plants|Partly_Blurred|Overall_Quality|Outdoor|natural|Neutral_Illumination|No_Persons|Fancy|inactive|cute|artificial|Night|Flowers|calm|flower
2346319457,tag,4,Plants|Neutral_Illumination|Overall_Quality|Outdoor|Clouds|calm|Visual_Arts|cute|No_Persons|Sky|natural|inactive|Architecture|No_Blur|Day|Citylife|clouds
2625785361,tag,5,Partly_Blurred|Building_Sights|Outdoor|cute|Underexposed|No_Persons|inactive|Night|Travel|happy
2442304702,tag,6,Neutral_Illumination|Building_Sights|Outdoor|No_Blur|calm|Visual_Arts|cute|No_Persons|Sunny|Fancy|artificial|inactive|Architecture|Day|Citylife
2324382857,tag,1,Plants|Neutral_Illumination|Outdoor|Winter|Partly_Blurred|Macro|No_Persons|Snow|Trees|cute|Day
2344480591,tag,2,Plants|Neutral_Illumination|Outdoor|No_Blur|cute|No_Persons|Water|Landscape_Nature|natural|River|Day
2270520064,tag,3,Partly_Blurred|Outdoor|Neutral_Illumination|car|No_Persons|Vehicle|active|Day|Citylife
2337557654,tag,4,Neutral_Illumination|Building_Sights|Outdoor|Clouds|Visual_Arts|No_Persons|Sky|Overall_Quality|inactive|natural|Architecture|Night|No_Blur|Aesthetic_Impression|Still_Life|calm|clouds|night
2366173236,tag,5,Neutral_Illumination|Building_Sights|Outdoor|Clouds|Sunny|Sky|natural|Fancy|dog|inactive|Street|Architecture|Animals|No_Blur|No_Persons|Day|calm
2274327896,user,6,Plants|Neutral_Illumination|Outdoor|Visual_Arts|Partly_Blurred|Spring|abstract|No_Persons|Landscape_Nature|unpleasant|Flowers|Day|flower
2120882132,user,1,Neutral_Illumination|Partly_Blurred|Indoor|No_Persons|artificial|cute|Still_Life
2308588900,user,2,Plants|Neutral_Illumination|Outdoor|No_Blur|Visual_Arts|cute|No_Persons|Sunny|Trees|Water|Landscape_Nature|calm|natural|Aesthetic_Impression|River|Day|inactive
544930744,userandtag,3,cute|Travel|Sky|Sports|Animals|Mountains|horse|No_Blur|Sunny|Landscape_Nature|Adult|Day|Plants|Overall_Quality|Clouds|Neutral_Illumination|Single_Person|Summer|Outdoor|natural|Park_Garden|Portrait|Aesthetic_Impression|male|male|clouds|people
2539184147,userandtag,4,Neutral_Illumination|Outdoor|No_Blur|No_Persons|inactive|Day
2441332480,user,5,Neutral_Illumination|Outdoor|Clouds|No_Persons|Sky|natural|inactive|Landscape_Nature|calm|No_Blur|Day|clouds
2089164107,user,6,melancholic|Neutral_Illumination|Outdoor|No_Blur|cute|No_Persons|Fancy|Architecture|natural|Aesthetic_Impression|Painting|Day|Citylife|male|people
2609758111,user,1,Plants|Neutral_Illumination|Overall_Quality|Outdoor|Animals|Partly_Blurred|No_Persons|Sunny|Trees|bird|Landscape_Nature|cute|calm|Park_Garden|natural|Day|tree|bird
2535983848,user,2,Neutral_Illumination|Overall_Quality|No_Blur|technical|No_Persons|artificial|inactive|Vehicle|airplane
1251604768,user,3,Plants|Summer|Building_Sights|Outdoor|Clouds|calm|Neutral_Illumination|No_Persons|Sky|Trees|artificial|Water|Architecture|Landscape_Nature|cute|Fancy|Night|No_Blur|Aesthetic_Impression|Citylife
2599333769,user,4,Plants|Partly_Blurred|natural|Visual_Arts|Neutral_Illumination|Macro|No_Persons|cute|calm|Park_Garden|Flowers|flower
961800965,user,5,Neutral_Illumination|No_Blur|cute|Indoor|No_Persons|artificial|inactive|calm
2454762551,user,6,Neutral_Illumination|Outdoor|No_Blur|calm|Visual_Arts|No_Persons|Architecture|natural|Day|Citylife
2517967584,user,1,Plants|Neutral_Illumination|Overall_Quality|natural|Visual_Arts|Partly_Blurred|No_Persons|cute|calm|Flowers|flower
2313312045,user,2,melancholic|Neutral_Illumination|Partly_Blurred|Indoor|No_Persons|Fancy|inactive
2314435592,user,3,Plants|Summer|Outdoor|No_Blur|Neutral_Illumination|Macro|Sunny|cute|calm|natural|No_Persons|Flowers|Day|happy|flower
2262947268,tag,4,Neutral_Illumination|Outdoor|cute|Partly_Blurred|No_Persons|funny|Day|female|people
2441604368,tag,5,Neutral_Illumination|No_Blur|Indoor|No_Persons|Fancy|inactive|artificial|Shadow|bodypart
2226095390,tag,6,melancholic|Neutral_Illumination|Building_Sights|Outdoor|Clouds|Visual_Arts|cute|technical|No_Persons|Sky|artificial|Water|Landscape_Nature|unpleasant|No_Blur|Aesthetic_Impression|inactive
1395371728,tag,1,Neutral_Illumination|Partylife|Visual_Arts|technical|abstract|No_Persons|Outdoor|Night|active|Motion_Blur
2323046136,tag,2,Neutral_Illumination|Partylife|natural|Big_Group|Family_Friends|Indoor|euphoric|Motion_Blur|happy|male|female|people
2527269736,tag,3,Plants|Neutral_Illumination|Outdoor|Clouds|No_Persons|Sky|Trees|Landscape_Nature|Night|natural|Motion_Blur|tree
2343821676,tag,4,Neutral_Illumination|No_Blur|Visual_Arts|cute|Indoor|No_Persons|inactive|Architecture|Aesthetic_Impression
1246817568,tag,5,Plants|Partly_Blurred|natural|Neutral_Illumination|Macro|No_Persons|Fancy|inactive|cute|calm|Flowers|flower
2617502594,tag,6,Plants|Partly_Blurred|Overall_Quality|natural|Neutral_Illumination|Macro|No_Persons|Landscape_Nature|cute|calm|Park_Garden|Aesthetic_Impression|Flowers|flower
2321446188,tag,1,Neutral_Illumination|Outdoor|Sunset_Sunrise|Visual_Arts|cute|No_Persons|Sky|natural|Landscape_Nature|calm|No_Blur|Day
2601029204,tag,2,Overall_Quality|Outdoor|Clouds|Visual_Arts|No_Persons|Underexposed|Sky|natural|Rain|Water|Landscape_Nature|Sea|Sunset_Sunrise|Aesthetic_Impression|Day|No_Blur
2208459009,tag,3,Neutral_Illumination|Outdoor|Sunset_Sunrise|Visual_Arts|cute|No_Persons|Sky|natural|Day|Water|Landscape_Nature|calm|Sea|No_Blur|Aesthetic_Impression|Beach_Holidays|sea
2297401300,tag,4,melancholic|Neutral_Illumination|cute|Family_Friends|Indoor|Partly_Blurred|Adult|Single_Person|male|portrait|male|people
2306249760,tag,5,sky|clouds|snow|Neutral_Illumination|Outdoor|Clouds|Winter|Visual_Arts|Sunny|Sky|Snow|natural|Landscape_Nature|calm|No_Blur|No_Persons|Day|clouds
2016687372,tag,6,Plants|Neutral_Illumination|Building_Sights|Outdoor|No_Blur|Aesthetic_Impression|cute|Sunny|Sky|Overall_Quality|Trees|Water|Landscape_Nature|Architecture|natural|No_Persons|River|Day|calm
2271543822,tag,1,Plants|Partly_Blurred|Overall_Quality|natural|Visual_Arts|Overexposed|Macro|No_Persons|Fancy|cute|Aesthetic_Impression|Still_Life|flower
2308468179,tag,2,Plants|Summer|Outdoor|natural|Big_Group|Neutral_Illumination|Family_Friends|happy|Partly_Blurred|euphoric|Fancy|Teenager|female|male|Day|Adult|portrait|male|female|people
2142819867,tag,3,Plants|Summer|Small_Group|Outdoor|No_Blur|Neutral_Illumination|Family_Friends|Sunny|Sky|natural|Trees|Water|funny|Landscape_Nature|cute|Child|active|Portrait|male|Day|happy|portrait|male|people
2323772638,tag,4,town|buildings|clouds|reflection|sky|water|cute|Travel|Sky|Vehicle|ship|Citylife|Building_Sights|No_Blur|euphoric|Trees|Water|calm|Day|Plants|Overall_Quality|Clouds|River|Neutral_Illumination|Outdoor|natural|No_Persons|Aesthetic_Impression
1712928840,tag,5,Plants|Summer|Outdoor|Clouds|melancholic|Neutral_Illumination|No_Persons|Travel|Sky|natural|Trees|Water|Landscape_Nature|Fancy|Vehicle|No_Blur|Aesthetic_Impression|River|Day|clouds
2292140758,tag,6,Partly_Blurred|Visual_Arts|Neutral_Illumination|Indoor|No_Persons|Still_Life|inactive|cute|calm|Day|happy
2538457291,user,1,rocks|Neutral_Illumination|Overall_Quality|Outdoor|No_Blur|funny|No_Persons|Sunny|Fancy|Day|Water|Sea|Beach_Holidays
2364058216,user,2,Plants|Neutral_Illumination|Overall_Quality|Outdoor|Clouds|Visual_Arts|No_Blur|happy|old_person|Sky|natural|Trees|funny|Street|Night|Portrait|male|Single_Person|Citylife|portrait|male|night|people
2251566420,user,3,Neutral_Illumination|Building_Sights|Outdoor|Sunset_Sunrise|No_Persons|Night|No_Blur|happy|night
2247037923,user,4,Partly_Blurred|Neutral_Illumination|Fancy|Adult|female|Single_Person|Portrait|male|happy|portrait|female|people
2233392032,user,5,Neutral_Illumination|Building_Sights|Outdoor|No_Blur|Visual_Arts|boring|No_Persons|euphoric|Fancy|Architecture|active|Aesthetic_Impression
847983048,user,6,Neutral_Illumination|Building_Sights|Outdoor|No_Blur|calm|Visual_Arts|cute|technical|Sky|Sunny|Aesthetic_Impression|inactive|Architecture|No_Persons|Day|Citylife
2265396136,user,1,Neutral_Illumination|Toy|No_Blur|cute|Food|Indoor|No_Persons
1571913658,user,2,Neutral_Illumination|Outdoor|Visual_Arts|cute|technical|abstract|No_Persons|Fancy|artificial|active|Aesthetic_Impression|Motion_Blur
2430802424,user,3,Neutral_Illumination|Outdoor|No_Blur|Visual_Arts|No_Persons|Architecture|Night|natural|Citylife|night
2523129905,user,4,Neutral_Illumination|Overall_Quality|Toy|No_Blur|Visual_Arts|cute|No_Persons|Still_Life
1416169916,user,5,water|sky|grass|clouds|lake|Plants|Summer|Outdoor|Clouds|Visual_Arts|Mountains|No_Persons|Sky|Lake|Trees|Water|Landscape_Nature|cute|calm|natural|No_Blur|Flowers|Day|Neutral_Illumination|river
2614149427,user,6,Plants|Neutral_Illumination|Overall_Quality|Animals|Partly_Blurred|No_Persons|Fancy|insect|cute|natural|Aesthetic_Impression|Flowers|flower
2275057763,user,1,Plants|Neutral_Illumination|Outdoor|natural|Winter|Visual_Arts|Partly_Blurred|No_Persons|Trees|inactive|Landscape_Nature|calm|tree
2100831371,user,2,Neutral_Illumination|No_Blur|funny|Indoor|No_Persons|Painting|Citylife
2499841878,user,3,Neutral_Illumination|Small_Group|natural|cute|Family_Friends|Overall_Quality|funny|Adult|No_Blur|male|portrait|male|people
2308890552,user,4,Neutral_Illumination|No_Blur|No_Persons|artificial|inactive|Graffiti|Architecture|Painting
639853426,tag,5,Mountains|Outdoor|Clouds|Neutral_Illumination|No_Persons|Travel|Sky|natural|Water|Landscape_Nature|cute|calm|No_Blur|Day|clouds
2441897896,tag,6,person|Partly_Blurred|Small_Group|Outdoor|natural|Neutral_Illumination|Overall_Quality|funny|Child|Portrait|male|Day|happy|portrait|male|people
2231099907,tag,1,Plants|Summer|Outdoor|No_Blur|Visual_Arts|Neutral_Illumination|No_Persons|calm|natural|Aesthetic_Impression|Flowers|Day|happy|flower
2612205228,tag,2,melancholic|Mountains|Overall_Quality|Outdoor|Clouds|Neutral_Illumination|No_Persons|Sky|Lake|Fancy|artificial|Water|natural|Rain|unpleasant|No_Blur|Aesthetic_Impression|Painting|Day|river|clouds
2512198982,tag,3,Neutral_Illumination|Overall_Quality|Outdoor|Partly_Blurred|No_Persons|Fancy|active|bodypart|Day
2516363444,tag,4,Neutral_Illumination|Overall_Quality|No_Blur|Visual_Arts|cute|Travel|No_Persons|natural|Fancy|euphoric|Water|active|Animals|fish
2181453159,tag,5,Plants|Summer|Outdoor|Clouds|Visual_Arts|Neutral_Illumination|No_Persons|Sky|natural|Landscape_Nature|calm|No_Blur|Day|clouds
2333747706,tag,6,Neutral_Illumination|Outdoor|No_Blur|Macro|No_Persons|Fancy|unpleasant|natural|Day
1898264432,tag,1,Neutral_Illumination|No_Blur|Visual_Arts|No_Persons|artificial|inactive|Painting|Still_Life
2335593335,tag,2,Neutral_Illumination|Outdoor|Clouds|Partly_Blurred|No_Persons|Sky|bird|funny|Landscape_Nature|calm|Animals|Aesthetic_Impression|Day|bird
2490222108,tag,3,Neutral_Illumination|Outdoor|natural|Visual_Arts|Summer|Partly_Blurred|No_Persons|Desert|Landscape_Nature|calm|Park_Garden|Aesthetic_Impression|Day
2313884116,tag,4,Plants|Neutral_Illumination|No_Blur|Visual_Arts|cute|Macro|No_Persons|calm|natural|Flowers|flower
2278850284,tag,5,Neutral_Illumination|Small_Group|Partly_Blurred|boring|Travel|Indoor|funny|Adult|male|abstract|female|people
2457817766,tag,6,Neutral_Illumination|Toy|Partly_Blurred|Indoor|No_Persons|Fancy|funny|cute|Day|happy
2494161677,tag,1,Plants|Neutral_Illumination|Overall_Quality|Outdoor|Clouds|calm|car|No_Persons|Sky|Trees|Street|artificial|Vehicle|No_Blur|Citylife|car
2522814367,tag,2,Neutral_Illumination|Overall_Quality|Outdoor|Clouds|Visual_Arts|No_Persons|Sky|natural|Water|Landscape_Nature|calm|Sea|Sunset_Sunrise|Day|No_Blur|clouds
2455559824,tag,3,Neutral_Illumination|Building_Sights|Outdoor|No_Blur|cute|No_Persons|Sunny|inactive|Street|Architecture|natural|Day
2533516081,tag,4,Neutral_Illumination|Partly_Blurred|Indoor|No_Persons|artificial|funny|inactive|happy
1275695404,tag,5,Neutral_Illumination|Building_Sights|Outdoor|No_Blur|cute|Sky|Sunny|inactive|No_Persons|Day
2246705059,tag,6,toy|Partly_Blurred|cute|Macro|Indoor|No_Persons|calm|happy|Neutral_Illumination
2544695225,tag,1,Neutral_Illumination|Overall_Quality|natural|Visual_Arts|No_Persons|Fancy|Sports|active|Shadow|Motion_Blur
2232374945,tag,2,Neutral_Illumination|Toy|cute|No_Persons|funny|Birthday|Out_of_focus
2123379140,tag,3,Neutral_Illumination|No_Blur|No_Persons|inactive|Architecture|Citylife
2198268112,tag,4,Plants|Summer|Overall_Quality|Outdoor|natural|Visual_Arts|Neutral_Illumination|Macro|Partly_Blurred|No_Persons|euphoric|cute|calm|Park_Garden|Flowers|Day|happy|flower
2535593980,tag,5,Plants|Partly_Blurred|Overall_Quality|natural|Visual_Arts|Neutral_Illumination|Macro|No_Persons|cute|calm|Flowers|flower
2405991961,tag,6,Neutral_Illumination|Building_Sights|Outdoor|Clouds|Visual_Arts|cute|Sky|Overall_Quality|scary|natural|Street|Adult|female|Single_Person|unpleasant|Portrait|male|Day|No_Blur|portrait|female|people
2297555157,tag,1,water|nighttime|clouds|reflection|sky|Plants|Neutral_Illumination|Building_Sights|Outdoor|Clouds|Visual_Arts|cute|No_Persons|Church|Sky|Trees|Water|Landscape_Nature|calm|Night|No_Blur|night
2322448396,tag,2,Plants|Summer|Outdoor|No_Blur|Visual_Arts|Neutral_Illumination|abstract|No_Persons|artificial|Day|cute|calm|Flowers|Still_Life|flower
2288245961,tag,3,sky|clouds|Plants|Summer|Outdoor|Clouds|Neutral_Illumination|Sunny|Travel|Sky|natural|Trees|Landscape_Nature|cute|calm|Animals|No_Blur|No_Persons|Day|clouds
2254940580,tag,4,Plants|Partly_Blurred|natural|Visual_Arts|Neutral_Illumination|Indoor|No_Persons|cute|calm|Flowers|Day|happy|flower
2175966305,tag,5,Plants|Mountains|Overall_Quality|Outdoor|Clouds|Visual_Arts|Neutral_Illumination|No_Persons|Sky|Trees|Landscape_Nature|Graffiti|cute|No_Blur|Aesthetic_Impression|Day
2592593624,tag,6,Plants|Summer|Overall_Quality|Outdoor|Neutral_Illumination|No_Persons|Partly_Blurred|Sunny|Landscape_Nature|calm|Park_Garden|Day|flower
675589576,tag,1,Plants|Neutral_Illumination|Outdoor|No_Persons|Sky|Trees|Motion_Blur|Fancy|Day|artificial|calm
2387004763,tag,2,Partly_Blurred|Overall_Quality|Animals|Neutral_Illumination|Macro|No_Persons|dog|unpleasant|cute|natural|dog
2326497378,tag,3,Neutral_Illumination|Visual_Arts|Big_Group|Travel|Indoor|Partly_Blurred|Architecture|female|Vehicle|active|airplane|male|Adult|people
2458711327,tag,4,Neutral_Illumination|No_Blur|Visual_Arts|cute|No_Persons|Still_Life|inactive|calm|natural|Shadow|Day
2320765086,tag,5,Neutral_Illumination|Overall_Quality|Outdoor|natural|Visual_Arts|Partly_Blurred|Spring|Park_Garden|Sky|Aesthetic_Impression|Water|Landscape_Nature|cute|Fancy|Macro|No_Persons|Day|calm|flower|tree
961138532,tag,6,Plants|Neutral_Illumination|Outdoor|Clouds|Visual_Arts|cute|No_Persons|Sky|natural|Trees|Water|Landscape_Nature|calm|No_Blur|River|Day|inactive|clouds
2151508685,tag,1,Neutral_Illumination|No_Blur|cute|Indoor|No_Persons|inactive|calm|Painting
2313653250,tag,2,Neutral_Illumination|No_Blur|technical|No_Persons|calm|Still_Life|happy|flower
2304356088,tag,3,Plants|Partly_Blurred|natural|Visual_Arts|Neutral_Illumination|Spring|Indoor|No_Persons|Park_Garden|cute|calm|Macro|happy|flower
1440354827,tag,4,Partly_Blurred|Neutral_Illumination|Family_Friends|artificial|technical|unpleasant|cute|Adult|female|Single_Person|Portrait|male|Painting|portrait|female|people
983041578,tag,5,Plants|Neutral_Illumination|Overall_Quality|Outdoor|Clouds|Visual_Arts|cute|Sunny|Sky|Lake|Aesthetic_Impression|Water|Landscape_Nature|calm|natural|No_Blur|No_Persons|Day|inactive|clouds
2299170592,tag,6,Neutral_Illumination|Partly_Blurred|abstract|Indoor|No_Persons|funny|Day|happy
2467662672,tag,1,Plants|Neutral_Illumination|Outdoor|natural|Visual_Arts|Sunny|Spring|Partly_Blurred|Sky|cute|calm|Park_Garden|No_Persons|Flowers|Day|flower
2290676317,tag,2,melancholic|Neutral_Illumination|natural|Partly_Blurred|Family_Friends|abstract|No_Persons|scary|cute|bodypart|people
2300003163,tag,3,Neutral_Illumination|Partylife|No_Blur|Visual_Arts|Big_Group|Family_Friends|Indoor|euphoric|Sports|funny|Birthday|cute|Child|active|natural|male|Day|happy|male|people
929786124,tag,4,Neutral_Illumination|Overall_Quality|Outdoor|Clouds|cute|Sky|Sunny|natural|Aesthetic_Impression|Landscape_Nature|Fancy|No_Blur|No_Persons|Day|calm|clouds
2606860354,tag,5,melancholic|Neutral_Illumination|Overall_Quality|Outdoor|No_Blur|scary|No_Persons|Fancy|unpleasant|Architecture|natural|Aesthetic_Impression|bodypart|Day
2284128908,tag,6,Partly_Blurred|Outdoor|Neutral_Illumination|No_Persons|Still_Life|Day
2199086090,tag,1,Neutral_Illumination|Overall_Quality|No_Blur|Visual_Arts|Indoor|No_Persons|Fancy|inactive|natural|Aesthetic_Impression
2263717983,user,2,Plants|Neutral_Illumination|Outdoor|No_Blur|Visual_Arts|cute|melancholic|Park_Garden|natural|Trees|unpleasant|Adult|female|Single_Person|Portrait|Aesthetic_Impression|male|Day|tree|female|people
2231740574,tag,3,Partly_Blurred|Outdoor|Visual_Arts|Neutral_Illumination|technical|No_Persons|Fancy|inactive|Aesthetic_Impression|Day|Citylife
588667816,tag,4,Neutral_Illumination|No_Blur|cute|Food|No_Persons|artificial|funny|natural|Painting
786256457,tag,5,Neutral_Illumination|Outdoor|No_Blur|Summer|No_Persons|Street|cute|calm|Day|Citylife
1435511856,tag,6,plants|sky|clouds|Plants|Summer|Outdoor|Clouds|Visual_Arts|Neutral_Illumination|Sunny|Sky|natural|Trees|Landscape_Nature|cute|calm|No_Blur|No_Persons|Day|clouds
2286651192,tag,1,Plants|Neutral_Illumination|Outdoor|No_Blur|Visual_Arts|cute|Spring|Sunny|Snow|Architecture|active|natural|No_Persons|Day|flower
2248276320,tag,2,No_Persons|Underexposed|Indoor|No_Blur
2536849184,tag,3,Partly_Blurred|Overall_Quality|Visual_Arts|Neutral_Illumination|Family_Friends|abstract|Child|scary|unpleasant|cute|Single_Person|Portrait|Aesthetic_Impression|male|portrait|male|people
2438664934,tag,4,Plants|Summer|Outdoor|natural|Visual_Arts|Neutral_Illumination|Partly_Blurred|No_Persons|Landscape_Nature|cute|calm|Park_Garden|Flowers|Day|happy|flower
2449510752,tag,5,Neutral_Illumination|Animals|cute|fish|No_Persons|active|natural|No_Blur
2389416107,tag,6,Plants|Neutral_Illumination|Overall_Quality|Outdoor|natural|Visual_Arts|cute|car|No_Persons|Motion_Blur|Sports|Vehicle|active|Flowers|Day|car
2516266193,tag,1,Neutral_Illumination|Overall_Quality|MusicalInstrument|Visual_Arts|Partly_Blurred|No_Persons|inactive
2500317510,tag,2,melancholic|Neutral_Illumination|Overall_Quality|Outdoor|No_Blur|Sky|Sunny|Fancy|Street|No_Persons|Day
2293154812,tag,3,Plants|Neutral_Illumination|Outdoor|natural|Visual_Arts|Partly_Blurred|Spring|Sunny|cute|calm|Park_Garden|No_Persons|Flowers|Day|happy|flower
2302407434,tag,4,Plants|Partly_Blurred|natural|Neutral_Illumination|Macro|No_Persons|cute|calm|Flowers|Day|flower
2322118521,tag,5,Neutral_Illumination|Outdoor|Visual_Arts|Partly_Blurred|No_Persons|inactive|calm|Day
2496549660,tag,6,Plants|Partly_Blurred|Outdoor|natural|Neutral_Illumination|No_Persons|cute|calm|Park_Garden|Flowers|happy|flower
1424660135,tag,1,Plants|Neutral_Illumination|Animals|Partly_Blurred|Indoor|No_Persons|natural|scary
2268101980,userandtag,2,No_Persons|Underexposed|Indoor|No_Blur|cute
1208632794,userandtag,3,Neutral_Illumination|Outdoor|No_Blur|cute|technical|Sky|Sunny|inactive|calm|No_Persons|Painting|Day
751266407,user,4,Neutral_Illumination|Outdoor|No_Blur|abstract|No_Persons|inactive|unpleasant|Painting|Day|Citylife
2183784251,user,5,Neutral_Illumination|Overall_Quality|No_Blur|cute|Indoor|No_Persons|calm|Aesthetic_Impression
2601256429,userandtag,6,Neutral_Illumination|Outdoor|No_Blur|No_Persons|Sunny|Water|inactive|natural|Day
2513080484,userandtag,1,Plants|Neutral_Illumination|Overall_Quality|natural|Visual_Arts|Partly_Blurred|No_Persons|cute|calm|Park_Garden|Flowers|happy|flower
2534047727,user,2,Plants|Summer|Outdoor|Clouds|Visual_Arts|Neutral_Illumination|Sunny|melancholic|Sky|natural|Trees|artificial|Water|unpleasant|Architecture|No_Blur|No_Persons|River|Day|Citylife
2440440484,user,3,Plants|Neutral_Illumination|Outdoor|natural|Visual_Arts|Partly_Blurred|No_Persons|Landscape_Nature|calm|Park_Garden|Flowers|Day|flower
1522315498,user,4,Partly_Blurred|natural|Sunny|Macro|No_Persons|bodypart|Day|Neutral_Illumination
2206858364,user,5,Plants|Neutral_Illumination|Outdoor|No_Blur|No_Persons|Sunny|Street|Vehicle|natural|Day|car|car
2459022975,user,6,Partly_Blurred|Neutral_Illumination|abstract|No_Persons|Architecture|Night|active|Citylife|night|male|people
551914316,user,1,Plants|Partly_Blurred|natural|Visual_Arts|Neutral_Illumination|Macro|Indoor|No_Persons|cute|calm|Flowers|happy|flower
2265688841,userandtag,2,Plants|Summer|Outdoor|Clouds|cute|No_Persons|Underexposed|Sky|Trees|Day|Landscape_Nature|Park_Garden|No_Blur|Beach_Holidays
2257029440,userandtag,3,Neutral_Illumination|Partylife|No_Blur|Visual_Arts|Big_Group|Family_Friends|abstract|Indoor|technical|Birthday|cute|Adult|Night|active|male|people
2487262614,user,4,Neutral_Illumination|Building_Sights|Outdoor|No_Blur|No_Persons|natural|Day
2493751635,user,5,Neutral_Illumination|Overall_Quality|No_Blur|Food|boring|No_Persons|inactive|calm|Still_Life|flower
2601622912,tag,6,Plants|Neutral_Illumination|Overall_Quality|Outdoor|natural|Visual_Arts|Partly_Blurred|boring|No_Persons|Still_Life|Park_Garden|Flowers|Day|flower
2461271554,tag,1,Neutral_Illumination|Outdoor|Clouds|Winter|Visual_Arts|cute|technical|No_Persons|abstract|Sky|natural|Fancy|calm|No_Blur|Shadow|Day
2342380918,tag,2,sky|grass|clouds|sunset|temple|Plants|Neutral_Illumination|Building_Sights|Outdoor|Clouds|Visual_Arts|cute|No_Persons|Sky|natural|Trees|Landscape_Nature|calm|Sunset_Sunrise|Aesthetic_Impression|Day|No_Blur|clouds
2517489306,tag,3,Plants|Summer|Overall_Quality|Outdoor|Clouds|calm|car|Neutral_Illumination|No_Persons|Sky|Trees|cute|Architecture|Vehicle|No_Blur|Day|Citylife|clouds
2530489156,tag,4,Plants|Neutral_Illumination|Overall_Quality|natural|Partly_Blurred|No_Persons|cute|calm|Park_Garden|Flowers|flower
1736148980,tag,5,Plants|Summer|Outdoor|natural|Partly_Blurred|Macro|Underexposed|No_Persons|cute|calm|Park_Garden|Aesthetic_Impression|Flowers|happy|flower
2281598786,tag,6,Plants|Neutral_Illumination|Outdoor|natural|Visual_Arts|Partly_Blurred|Spring|Park_Garden|Sunny|cute|calm|Macro|No_Persons|Flowers|Day|happy|flower
2443083341,tag,1,Neutral_Illumination|No_Blur|Visual_Arts|cute|Indoor|No_Persons|funny|Architecture|natural|Painting|Still_Life|happy
2180780268,tag,2,Plants|Neutral_Illumination|Overall_Quality|No_Blur|Visual_Arts|cute|Indoor|No_Persons|inactive|calm|Park_Garden|natural|Flowers|Still_Life|flower
2590729700,tag,3,Plants|Summer|Overall_Quality|Outdoor|natural|Visual_Arts|Neutral_Illumination|Partly_Blurred|No_Persons|inactive|cute|calm|Park_Garden|Aesthetic_Impression|Flowers|Day|flower
2259314604,tag,4,Plants|Neutral_Illumination|Building_Sights|Outdoor|No_Blur|Winter|cute|No_Persons|Sky|Trees|artificial|Day|tree
2489950868,tag,5,Plants|Neutral_Illumination|Small_Group|Outdoor|No_Blur|cute|Family_Friends|Spring|Sky|euphoric|Adult|female|Park_Garden|natural|male|Day|male|flower|female|people
1402792332,tag,6,Mountains|Outdoor|Clouds|Neutral_Illumination|Sunny|Sky|natural|inactive|Water|Landscape_Nature|cute|calm|Sea|No_Blur|No_Persons|Day
2279924192,tag,1,Plants|Neutral_Illumination|Outdoor|Animals|Partly_Blurred|Spring|No_Persons|bird|Landscape_Nature|cute|calm|Park_Garden|natural|Day|flower|tree|bird
2326218928,tag,2,Plants|Neutral_Illumination|Outdoor|natural|Visual_Arts|bodypart|Partly_Blurred|Spring|Sunny|Fancy|Landscape_Nature|calm|Macro|No_Persons|Flowers|Day|flower
2340756122,tag,3,cute|Toy|No_Blur|Neutral_Illumination|Macro|No_Persons|inactive|calm
2322034994,user,4,Summer|Building_Sights|Outdoor|No_Blur|Neutral_Illumination|No_Persons|Sky|inactive|Street|cute|Day
2278891507,user,5,Plants|Summer|Outdoor|Clouds|Visual_Arts|Neutral_Illumination|Sunny|Partly_Blurred|Sky|Landscape_Nature|cute|calm|Park_Garden|natural|No_Persons|Flowers|Day|happy|flower
2552119800,user,6,Plants|Summer|Overall_Quality|Outdoor|No_Blur|Neutral_Illumination|No_Persons|Sky|Vehicle|Day|car
2252510560,user,1,Plants|Neutral_Illumination|Outdoor|natural|Visual_Arts|Partly_Blurred|Spring|No_Persons|cute|calm|Park_Garden|Flowers|Day|flower
2364112518,user,2,Neutral_Illumination|No_Blur|Visual_Arts|cute|Family_Friends|No_Persons|artificial|Still_Life
2488335772,user,3,Plants|Neutral_Illumination|Outdoor|natural|Partly_Blurred|No_Persons|Still_Life|funny|Toy|cute|calm|Park_Garden|Day
2609862901,user,4,window|toy|Neutral_Illumination|Toy|Partly_Blurred|technical|car|abstract|No_Persons|inactive|unpleasant|cute|Vehicle|happy|car
2526476961,user,5,Neutral_Illumination|Overall_Quality|Outdoor|Clouds|cute|No_Persons|Sky|calm|Night|No_Blur|Citylife
556932083,user,6,Plants|Neutral_Illumination|Outdoor|natural|Visual_Arts|Partly_Blurred|No_Persons|Sunny|Landscape_Nature|cute|calm|Park_Garden|Flowers|Day
563577820,user,1,person|melancholic|Neutral_Illumination|Outdoor|No_Blur|cute|Family_Friends|Adult|Single_Person|Portrait|Aesthetic_Impression|male|Day|male|people
2251872964,user,2,Neutral_Illumination|Outdoor|No_Blur|Winter|cute|Family_Friends|Snow|Sports|funny|euphoric|female|Child|active|Single_Person|male|Day|happy|portrait|female|people
700964093,user,3,Neutral_Illumination|No_Blur|Visual_Arts|cute|Food|Indoor|No_Persons|active|Day|happy
2242056818,tag,4,Neutral_Illumination|Macro|No_Persons|active|Out_of_focus|happy
2390651001,tag,5,Neutral_Illumination|Overall_Quality|Outdoor|Clouds|Winter|Visual_Arts|cute|No_Persons|Sky|Snow|natural|Landscape_Nature|calm|No_Blur|Day|clouds
2308719945,tag,6,melancholic|Neutral_Illumination|No_Blur|Family_Friends|Indoor|artificial|inactive|Adult|female|Single_Person|male|Painting|portrait|female|people
2311404804,tag,1,Neutral_Illumination|No_Blur|Visual_Arts|funny|Food|Indoor|No_Persons
2052844575,tag,2,Neutral_Illumination|Toy|No_Blur|Visual_Arts|cute|technical|Macro|No_Persons|Fancy|funny
2262342313,tag,3,Plants|Partly_Blurred|natural|Neutral_Illumination|Macro|No_Persons|melancholic|inactive|Landscape_Nature|flower|tree
2510571006,tag,4,Plants|Summer|Outdoor|natural|Neutral_Illumination|Partly_Blurred|No_Persons|cute|calm|Park_Garden|Flowers|Day|flower
2505470308,tag,5,Neutral_Illumination|Overall_Quality|Outdoor|Animals|Partly_Blurred|No_Persons|bird|Water|cute|calm|natural|Day|bird
2199478116,tag,6,Plants|Neutral_Illumination|Overall_Quality|No_Blur|Macro|No_Persons|Fancy|calm|natural|Aesthetic_Impression|Shadow|flower
2445278424,tag,1,melancholic|Neutral_Illumination|No_Blur|Visual_Arts|cute|Indoor|natural|Adult|female|Single_Person|Portrait|Shadow|male|female|people
2285621217,tag,2,Neutral_Illumination|No_Blur|Visual_Arts|Indoor|No_Persons|artificial|Birthday|Still_Life|happy
2244592052,tag,3,Neutral_Illumination|Building_Sights|Outdoor|No_Blur|technical|No_Persons|Sky|Fancy|Street|Night|active|natural|Citylife|night
1989870969,tag,4,Mountains|Outdoor|No_Blur|Visual_Arts|Neutral_Illumination|No_Persons|Sky|Snow|Landscape_Nature|cute|calm|natural|Day
2040595896,tag,5,cute|No_Blur|Macro|Underexposed|No_Persons|artificial|calm
1489892581,tag,6,Neutral_Illumination|Building_Sights|Outdoor|No_Blur|No_Persons|inactive|unpleasant|Architecture|Day
2603814484,tag,1,Plants|Neutral_Illumination|natural|Visual_Arts|Partly_Blurred|Macro|Indoor|No_Persons|calm|Flowers|Day|flower
2431535704,userandtag,2,Partly_Blurred|Outdoor|Neutral_Illumination|No_Persons|abstract|Sunny|boring|Day|Citylife
2330041471,userandtag,3,Neutral_Illumination|No_Blur|Macro|No_Persons|artificial|inactive|Fancy
2608702033,tag,4,Plants|Partly_Blurred|Overall_Quality|Outdoor|natural|Neutral_Illumination|No_Persons|cute|Park_Garden|Aesthetic_Impression|Flowers|Day|flower
2362968158,tag,5,cityscape|sky|buildings|nighttime|Neutral_Illumination|Outdoor|No_Blur|cute|No_Persons|Sky|Architecture|Night|active|natural|Shadow|Citylife|night
1455546968,tag,6,Partly_Blurred|natural|Visual_Arts|Neutral_Illumination|Food|Macro|No_Persons|inactive|calm|Still_Life
2356805186,tag,1,Plants|Partly_Blurred|Overall_Quality|Outdoor|Clouds|cute|No_Persons|Underexposed|Park_Garden|Sky|melancholic|Trees|Landscape_Nature|Night|natural|scary|tree|night
2447588773,tag,2,Neutral_Illumination|No_Blur|Visual_Arts|cute|Family_Friends|natural|Adult|female|Single_Person|Portrait|male|portrait|flower|female|people
2188858895,tag,3,Neutral_Illumination|natural|cute|Macro|Indoor|No_Persons|funny|active|No_Blur
2205311952,tag,4,Plants|Neutral_Illumination|Outdoor|Animals|Visual_Arts|Partly_Blurred|No_Persons|Sunny|dog|Trees|calm|natural|Day|happy|dog
